Configuração,RMSE Custo,RMSE Duração,RMSE CO₂,N feats custo,N feats dur,N feats CO₂
pearson=0.01,39.197218949078355,14.00081498632408,99.58035420847447,16,20,12
default (Fase 3b),39.17,14.01,95.95,12,17,10
pearson=0.05,39.170823706213795,14.017343019103905,95.95910451682192,12,16,10
