Configuração,RMSE Custo (USD),RMSE Duração (min),RMSE CO₂ (kg)
alpha=0.1,39.169743017656025,14.008685989556962,95.94910201928695
default (Fase 3b),39.17,14.01,95.95
alpha=10.0,39.16992583012355,14.00872987500594,95.9491107852579
